{
  "classes_14": [
    "0_10d",
    "11_20d",
    "21_30d",
    "2m",
    "3m",
    "4m",
    "5m",
    "6m",
    "7m",
    "8m",
    "9m",
    "10m",
    "11m",
    "12m"
  ],
  "class_to_idx": {
    "0_10d": 0,
    "11_20d": 1,
    "21_30d": 2,
    "2m": 3,
    "3m": 4,
    "4m": 5,
    "5m": 6,
    "6m": 7,
    "7m": 8,
    "8m": 9,
    "9m": 10,
    "10m": 11,
    "11m": 12,
    "12m": 13
  },
  "weights": [
    1.0463507175445557,
    0.9798480272293091,
    1.1875896453857422,
    1.0215436220169067,
    1.0608834028244019,
    0.9547951221466064,
    0.9996664524078369,
    0.92790687084198,
    0.9879125952720642,
    0.9299609661102295,
    1.0172151327133179,
    0.9787067174911499,
    0.9635546803474426,
    0.944067120552063
  ]
}